day,weightPlant
184.303,16.48162392
198.996,17.97214857
198.996,30.24126821
100.457,3.459393778
267.281,176.4005764
290.619,209.7973509
288.89,176.4005764
288.89,132.099143
358.043,264.3625912
