day,weightPlant
262.3215,2.822929291
177.5109,23.15794403
262.3215,21.3796209
355.2087,28.65497276
710.605,27.17064824
714.6433,114.4985535
