day,areaFrond
10.34285714,0
33.61428571,41.1
54.3,150.7
77.57142857,479.5
95.67142857,849.3
118.9428571,1328.8
139.6285714,1602.7
157.7285714,1780.8
175.8285714,1780.8
