day,areaFrond
56.88571429,41.1
74.98571429,82.2
85.32857143,109.6
100.8428571,191.8
113.7714286,356.2
129.2857143,575.3
142.2142857,863
168.0714286,917.8
