weightStipe,weightFrond
326.4374675,1428.893959
400.2211172,1539.926526
413.428108,1691.219588
464.1945102,1780.327909
451.4399613,1532.851206
472.8245305,1313.409037
