depth,beta_mn,beta_sd
13.5082,0.8567,0.020204082
18.0087,0.9142,0.013673469
