day,areaFrond
10.34285714,0
31.02857143,54.8
54.3,205.5
77.57142857,726
95.67142857,1589
118.9428571,2835.6
139.6285714,3534.2
155.1428571,3863
175.8285714,3945.2
