day,weightPlant
286.5527,1.892779397
492.5207,2.280867201
