day,areaFrond
108.6,191.8
118.9428571,369.9
131.8714286,753.4
144.8,1178.1
162.9,1397.3
186.1714286,1465.8
