day,weightPlant
92.68,2.055890596
162.694,15.11123641
170.471,2.993642943
171.339,1.940439024
260.372,0.256448404
267.281,1.539926526
262.962,10.68070697
351.127,2.90870716
351.127,23.99937877
