day,areaFrond
10.34285714,0
31.02857143,41.1
54.3,178.1
77.57142857,589
95.67142857,1095.9
118.9428571,2013.7
139.6285714,2465.8
157.7285714,2808.2
175.8285714,2835.6
