depth,beta_mn,beta_sd
4.0647,0.7575,0.015204082
7.0896,0.8112,0.009540816
14.0247,0.8254,0.009489796
19.0416,0.8746,0.0225
