day,areaFrond
64.64285714,54.8
103.4285714,849.3
147.3857143,2438.4
173.2428571,2575.3
