day,weightPlant
170.471,19.60198263
184.303,2.178211266
184.303,1.539926526
252.588,1.153187696
255.185,5.185611777
255.185,30.24126821
358.904,83.17637711
