stage,exposure,mn,sd
NA,low,490.7793922,272.882687
NA,high,1264.474325,1119.648181
