stage,exposure,shp1,shp2,mn,prec
NA,NA,2.0072592345779876,6.443994532520016,0.23751023101359808,8.451253767098002
